{"cameraMode":{"drawMode":0,"name":"Shaded","section":"Shading Mode"},"sceneLighting":false,"audioPlay":false,"sceneViewState":{"m_AlwaysRefresh":false,"showFog":true,"showSkybox":false,"showFlares":true,"showImageEffects":true,"showParticleSystems":true,"showVisualEffectGraphs":true,"m_FxEnabled":true},"in2DMode":false,"pivot":{"x":-0.01680934429168701,"y":0.2750002145767212,"z":129.3000030517578},"rotation":{"x":-0.26220276951789858,"y":0.20701450109481812,"z":-0.05773220211267471,"w":-0.9408108592033386},"size":3.2403786182403566,"orthographic":false}